drug,year,month,pbac_date,filename
20-valent-pneumococcal-conjugate-vaccine,2023,11,2023-11-01,20-valent-pneumococcal-conjugate-vaccine-psd-nov-2023.pdf
20v-pcv,2022,11,2022-11-01,20v-pcv-psd-11-2022.pdf
abaloparatide,2025,7,2025-07-01,abaloparatide-psd-july-2025.pdf
aciclovir,2015,7,2015-07-01,aciclovir-psd-july-2015%20.pdf
aciclovir,2021,3,2021-03-01,aciclovir-psd-mar-2021.pdf
aclidinium,2014,3,2014-03-01,aclidinium-psd-03-2014.pdf
aclidinium-with-eformoterol,2015,7,2015-07-01,aclidinium-with-eformoterol-psd-july-2015.pdf
adjuvanted-trivalent-and-quadrivalent-influenza-vaccine,2019,7,2019-07-01,adjuvanted-trivalent-and-quadrivalent-influenza-vaccine-psd-7-2019-addendum-08-2019.pdf
adrenaline-emerade,2018,3,2018-03-01,adrenaline-emerade-psd-march-2018.pdf
adrenaline,2016,7,2016-07-01,adrenaline-psd-july-2016.pdf
adrenaline,2024,7,2024-07-01,adrenaline-psd-july-2024.pdf
adrenaline,2016,3,2016-03-01,adrenaline-psd-march-2016.pdf
adrenaline,2018,3,2018-03-01,adrenaline-psd-march-2018.pdf
adrenaline,2020,11,2020-11-01,adrenaline-psd-nov-2020.pdf
age-restrictions-asthma-fdc-products,2019,12,2019-12-01,age-restrictions-asthma-fdc-products-psd-december-2019.pdf
alendronate-fosamax-merck-sharp-dohme,2011,7,2011-07-01,alendronate-fosamax-merck-sharp-dohme-psd-7-2-2011-07-final.pdf
alendronate,2016,7,2016-07-01,alendronate-psd-july-2016.pdf
alogliptin-metformin,2013,,2013-07-01,alogliptin-metformin-psd-2013.pdf
alogliptin,2013,7,2013-07-01,alogliptin-psd-07-2013.pdf
amifampridine,2022,3,2022-03-01,amifampridine-psd-march-2022.pdf
amifampridine,2021,11,2021-11-01,amifampridine-psd-november-2021.pdf
amino-acid-amino5,2014,7,2014-07-01,amino-acid-amino5-psd-07-2014.pdf
amino-acid-fomula-coolers,2018,3,2018-03-01,amino-acid-fomula-coolers-psd-march-2018.pdf
amino-acid-formula-1,2015,3,2015-03-01,amino-acid-formula-1-psd-march-2015.pdf
amino-acid-formula-2,2015,3,2015-03-01,amino-acid-formula-2-psd-march-2015.pdf
amino-acid-formula-essential-care-jr,2024,11,2024-11-01,amino-acid-formula-essential-care-jr-psd-nov-2024.pdf
amino-acid-formula-ga-explore5,2024,11,2024-11-01,amino-acid-formula-ga-explore5-psd-nov-2024.pdf
amino-acid-formula-ga1-anamix-junior,2015,11,2015-11-01,amino-acid-formula-ga1-anamix-junior-psd-november-2015.pdf
amino-acid-formula-hcu-anamix-junior,2015,11,2015-11-01,amino-acid-formula-hcu-anamix-junior-psd-november-2015.pdf
amino-acid-formula-hcu-explore5,2023,3,2023-03-01,amino-acid-formula-hcu-explore5-psd-03-2023.pdf
amino-acid-formula-hcu-express-15,2021,7,2021-07-01,amino-acid-formula-hcu-express-15-psd-july-2021.pdf
amino-acid-formula-mma-pa-anamix-junior,2015,11,2015-11-01,amino-acid-formula-mma-pa-anamix-junior-psd-november-2015.pdf
amino-acid-formula-mma-pa-explore5,2024,11,2024-11-01,amino-acid-formula-mma-pa-explore5-psd-nov-2024.pdf
amino-acid-formula-msud-easy-tablet,2019,11,2019-11-01,amino-acid-formula-msud-easy-tablet-psd-november-2019.pdf
amino-acid-formula-msud-explore,2019,11,2019-11-01,amino-acid-formula-msud-explore-psd-november-2019.pdf
amino-acid-formula-msud-explore5,2023,3,2023-03-01,amino-acid-formula-msud-explore5-psd-03-2023.pdf
amino-acid-formula-msud-express-15,2021,7,2021-07-01,amino-acid-formula-msud-express-15-psd-july-2021.pdf
amino-acid-formula-neocate-junior,2017,3,2017-03-01,amino-acid-formula-neocate-junior-psd-march-2017.pdf
amino-acid-formula-neocate-syneo,2017,7,2017-07-01,amino-acid-formula-neocate-syneo-psd-july-2017.pdf
amino-acid-formula-neocate-syneo,2024,3,2024-03-01,amino-acid-formula-neocate-syneo-psd-march-2024.pdf
amino-acid-formula-pcu-express-20,2021,7,2021-07-01,amino-acid-formula-pcu-express-20-psd-july-2021.pdf
amino-acid-formula-pku-anamix-first-spoon,2017,3,2017-03-01,amino-acid-formula-pku-anamix-first-spoon-psd-march-2017.pdf
amino-acid-formula-pku-easy-microtabs-plus,2024,11,2024-11-01,amino-acid-formula-pku-easy-microtabs-plus-psd-nov-2024.pdf
amino-acid-formula-pku-easy-tablet,2019,11,2019-11-01,amino-acid-formula-pku-easy-tablet-psd-november-2019.pdf
amino-acid-formula-pku-explore,2019,7,2019-07-01,amino-acid-formula-pku-explore-psd-july-2019.pdf
amino-acid-formula-pku-express-15,2021,7,2021-07-01,amino-acid-formula-pku-express-15-psd-july-2021.pdf
amino-acid-formula-pku-lophex,2017,7,2017-07-01,amino-acid-formula-pku-lophex-psd-july-2017.pdf
amino-acid-formula-pku-lophlex-select,2024,3,2024-03-01,amino-acid-formula-pku-lophlex-select-psd-march-2024.pdf
amino-acid-formula-pku-squeezie,2022,11,2022-11-01,amino-acid-formula-pku-squeezie-psd-11-2022.pdf
amino-acid-formula-pku-start,2024,3,2024-03-01,amino-acid-formula-pku-start-psd-march-2024.pdf
amino-acid-formula-pku-start,2017,11,2017-11-01,amino-acid-formula-pku-start-psd-november-2017.pdf
amino-acid-formula-pku-synergy,2017,7,2017-07-01,amino-acid-formula-pku-synergy-psd-july-2017.pdf
amino-acid-formula-pkuair,2014,11,2014-11-01,amino-acid-formula-pkuair-psd-11-2014.pdf
amino-acid-formula,2021,3,2021-03-01,amino-acid-formula-psd-mar-2021.pdf
amino-acid-formula,2015,3,2015-03-01,amino-acid-formula-psd-march-2015.pdf
amino-acid-formula,2020,11,2020-11-01,amino-acid-formula-psd-nov-2020.pdf
amino-acid-formula-tyr-easy,2019,11,2019-11-01,amino-acid-formula-tyr-easy-psd-november-2019.pdf
amino-acid-formula-tyr-easy-shake-go,2016,7,2016-07-01,amino-acid-formula-tyr-easy-shake-go-psd-july-2016.pdf
amino-acid-formula-tyr-explore5,2023,3,2023-03-01,amino-acid-formula-tyr-explore5-psd-03-2023.pdf
amino-acid-formula-tyr-express-15,2021,7,2021-07-01,amino-acid-formula-tyr-express-15-psd-july-2021.pdf
amino-acid-formula-tyr-express-20,2017,3,2017-03-01,amino-acid-formula-tyr-express-20-psd-march-2017.pdf
amino-acid-formula-with-carbohydrate-pku-synergy,2020,7,2020-07-01,amino-acid-formula-with-carbohydrate-PKU-synergy-psd-july-2020.pdf
amino-acid-formula-with-vitamins-anamix-infant-products,2020,7,2020-07-01,amino-acid-formula-with-vitamins-Anamix-Infant-products-psd-july-2020.pdf
amino-acid-formula-with-vitamins-and-minerals-pku-easy-liquid,2015,11,2015-11-01,amino-acid-formula-with-vitamins-and-minerals-pku-easy-liquid-psd-november-2015.pdf
amino-acid-formula-with-vitamins-and-minerals-pku-easy-shake-go,2015,11,2015-11-01,amino-acid-formula-with-vitamins-and-minerals-pku-easy-shake-go-psd-november-2015.pdf
amino-acid-formula-with-vitamins-and-minerals-pku-go,2015,11,2015-11-01,amino-acid-formula-with-vitamins-and-minerals-pku-go-psd-november-2015.pdf
amino-acid-formula-with-vitamins-and-minerals,2020,3,2020-03-01,amino-acid-formula-with-vitamins-and-minerals-psd-march-2020.pdf
amino-acid-formula-with-vitamins-and-minerals-without-phenylalanine-pku-baby,2015,11,2015-11-01,amino-acid-formula-with-vitamins-and-minerals-without-phenylalanine-pku-baby-psd-november-2015.pdf
amino-acid-formula-without-methionine-hcu-lophlex,2020,7,2020-07-01,amino-acid-formula-without-methionine-HCU-Lophlex-psd-july-2020.pdf
amino-acid-formula-without-phe-pku-air,2017,3,2017-03-01,amino-acid-formula-without-phe-pku-air-psd-march-2017.pdf
amino-acid-formula-without-phe-pku-cooler,2017,3,2017-03-01,amino-acid-formula-without-phe-pku-cooler-psd-march-2017.pdf
amino-acid-formula-without-phenylalanine-and-tyrosine-tyr-lophlex,2020,7,2020-07-01,amino-acid-formula-without-phenylalanine-and-tyrosine-TYR-Lophlex-psd-july-2020.pdf
amino-acid-formula-without-phenylalanine-pku-easy-microtabs,2015,11,2015-11-01,amino-acid-formula-without-phenylalanine-pku-easy-microtabs-psd-november-2015.pdf
amino-acid-formula-without-valine-msud-lophlex,2020,7,2020-07-01,amino-acid-formula-without-valine-MSUD-Lophlex-psd-july-2020.pdf
amino-acid-lophlex,2014,7,2014-07-01,amino-acid-lophlex-psd-07-2014.pdf
amino-acid-synthetic-formula-alfamino,2022,11,2022-11-01,amino-acid-synthetic-formula-alfamino-psd-11-2022.pdf
amino-acid-synthetic-formula-elecare-lcp,2023,3,2023-03-01,amino-acid-synthetic-formula-elecare-lcp-psd-03-2023.pdf
amino-acid-synthetic-formula,2015,3,2015-03-01,amino-acid-synthetic-formula-psd-march-2015.pdf
amino-acid-synthetic-formula,2020,3,2020-03-01,amino-acid-synthetic-formula-psd-march-2020.pdf
amino-acid-synthetic-formula-with-fatty-acids-and-triglycerides-alfamino-alfamino-junior,2015,11,2015-11-01,amino-acid-synthetic-formula-with-fatty-acids-and-triglycerides-alfamino-alfamino-junior-psd-november-2015.pdf
amino-acids-synthetic-formula,2018,11,2018-11-01,amino-acids-synthetic-formula-psd-november-2018.pdf
anti-glaucoma-medicines,2015,3,2015-03-01,anti-glaucoma-medicines-psd-march-2015.pdf
antibiotics-repeats,2019,8,2019-08-01,antibiotics-repeats-psd-08-2019.pdf
antipsychotics,2013,8,2013-08-01,antipsychotics-psd-08-2013.pdf
antiretroviral-therapy,2013,11,2013-11-01,antiretroviral-therapy-psd-11-2013.pdf
apalutamide-%28m0crpc%29,2021,11,2021-11-01,apalutamide-%28m0CRPC%29-psd-nov-2021.pdf
apalutamide-mhspc,2021,11,2021-11-01,apalutamide-mHSPC-psd-nov-2021.pdf
apomorphine-hydrochloride,2016,11,2016-11-01,apomorphine-hydrochloride-psd-november-2016.pdf
apomorphine,2014,11,2014-11-01,apomorphine-psd-11-2014.pdf
apomorphine,2016,7,2016-07-01,apomorphine-psd-july-2016.pdf
apomorphine,2018,7,2018-07-01,apomorphine-psd-july-2018.pdf
apomorphine,2025,7,2025-07-01,apomorphine-psd-july-2025.pdf
apomorphine,2018,3,2018-03-01,apomorphine-psd-march-2018.pdf
apomorphine,2020,3,2020-03-01,apomorphine-psd-march-2020.pdf
apomorphine,2020,11,2020-11-01,apomorphine-psd-nov-2020.pdf
aprepitant,2019,7,2019-07-01,aprepitant-psd-july-2019.pdf
aprepitant,2016,3,2016-03-01,aprepitant-psd-march-2016.pdf
aprepitant,2015,11,2015-11-01,aprepitant-psd-november-2015.pdf
arginine,2017,11,2017-11-01,arginine-psd-november-2017.pdf
armodafinil-and-modafinil,2020,7,2020-07-01,armodafinil-and-modafinil-psd-july-2020.pdf
armodafinil,2016,3,2016-03-01,armodafinil-psd-march-2016.pdf
armodafinil,2015,11,2015-11-01,armodafinil-psd-november-2015.pdf
asfotase-alfa-rch,2017,7,2017-07-01,asfotase-alfa-rch-psd-july-2017.pdf
asfotase-alfa-rch,2018,3,2018-03-01,asfotase-alfa-rch-psd-march-2018.pdf
asunaprevir,2015,3,2015-03-01,asunaprevir-psd-march-2015.pdf
atazanavir%2bcobicistat,2015,11,2015-11-01,atazanavir%2Bcobicistat-psd-november-2015.pdf
atogepant,2023,7,2023-07-01,atogepant-psd-july-2023.pdf
auranofin,2016,7,2016-07-01,auranofin-psd-july-2016.pdf
auranofin,2017,7,2017-07-01,auranofin-psd-july-2017.pdf
baclofen,2017,7,2017-07-01,baclofen-psd-july-2017.pdf
balsalazide,2017,7,2017-07-01,balsalazide-psd-july-2017.pdf
beclometasone-and-formoterol,2022,3,2022-03-01,beclometasone-and-formoterol-psd-march-2022.pdf
beclometasone-formoterol-glycopyrronium,2022,3,2022-03-01,beclometasone-formoterol-glycopyrronium-psd-march-2022.pdf
beclometasone-formoterol-glycopyrronium,2020,11,2020-11-01,beclometasone-formoterol-glycopyrronium-psd-nov-2020.pdf
beclometasone-formoterol,2020,7,2020-07-01,beclometasone-formoterol-psd-july-2020.pdf
beclometasone-with-formoterol,2022,7,2022-07-01,beclometasone-with-formoterol-psd-july-2022.pdf
beclometasone-with-formoterol,2024,3,2024-03-01,beclometasone-with-formoterol-psd-march-2024.pdf
belantamab-mafodotin,2025,11,2025-11-01,belantamab-mafodotin-psd-november-2025.pdf
belzutifan,2024,7,2024-07-01,belzutifan-psd-july-2024-with-corrigendum.pdf
benzathine-benzylpenicillin,2019,3,2019-03-01,benzathine-benzylpenicillin-psd-march-2019.pdf
benztropine-mesylate,2015,11,2015-11-01,benztropine-mesylate-psd-november-2015.pdf
betaine,2014,3,2014-03-01,betaine-psd-03-2014.pdf
bimatoprost,2020,7,2020-07-01,bimatoprost-psd-july-2020.pdf
biosimilar-medicines-considering-brand-equivalence-substitution,2018,3,2018-03-01,biosimilar-medicines-considering-brand-equivalence-substitution-psd-march-2018.pdf
botulinum-toxin-a-purified,2019,3,2019-03-01,botulinum-toxin-a-purified-psd-march-2019.pdf
brentuximab-asct-naive,2016,11,2016-11-01,brentuximab-asct-naive-psd-november-2016.pdf
brentuximab-post-asct,2016,11,2016-11-01,brentuximab-post-asct-psd-november-2016.pdf
brexpiprazole,2025,7,2025-07-01,brexpiprazole-psd-july-2025.pdf
brexpiprazole,2017,3,2017-03-01,brexpiprazole-psd-march-2017.pdf
brinzolomide-with-brimonidine,2015,7,2015-07-01,brinzolomide-with-brimonidine-psd-july-2015.pdf
brivaracetam,2016,7,2016-07-01,brivaracetam-psd-july-2016.pdf
brivaracetam,2017,3,2017-03-01,brivaracetam-psd-march-2017.pdf
brivaracetam,2017,11,2017-11-01,brivaracetam-psd-november-2017.pdf
brivaracetam,2019,11,2019-11-01,brivaracetam-psd-november-2019.pdf
broad-non-small-cell-lung-cancer-listings,2019,8,2019-08-01,broad-non-small-cell-lung-cancer-listings-psd-08-2019.pdf
budes-glyco-form,2021,7,2021-07-01,budes-glyco-form-psd-july-2021.pdf
budesonide-and-formoterol,2019,7,2019-07-01,budesonide-and-formoterol-psd-july-2019.pdf
budesonide-and-formoterol,2019,11,2019-11-01,budesonide-and-formoterol-psd-november-2019.pdf
budesonide-budenofalk,2019,3,2019-03-01,budesonide-Budenofalk-psd-march-2019.pdf
budesonide-eformoterol,2013,7,2013-07-01,budesonide-eformoterol-psd-07-2013.pdf
budesonide-eformoterol,2017,7,2017-07-01,budesonide-eformoterol-psd-july-2017.pdf
budesonide-entocort,2019,3,2019-03-01,budesonide-Entocort-psd-march-2019.pdf
budesonide-with-eformoterol,2017,11,2017-11-01,budesonide-with-eformoterol-psd-11-2017-with-addendum-08-2018.pdf
budesonide-with-eformoterol,2017,11,2017-11-01,budesonide-with-eformoterol-psd-november-2017.pdf
budesonide-with-glycopyrronium-and-formoterol,2022,11,2022-11-01,budesonide-with-glycopyrronium-and-formoterol-psd-11-2022-oos-06-2023.pdf
buprenorphine-4-08-oxycodone-with-naloxone,2015,7,2015-07-01,buprenorphine-4-08-oxycodone-with-naloxone-psd-july-2015.pdf
buprenorphine-additional-strengths,2015,11,2015-11-01,buprenorphine-additional-strengths-psd-november-2015.pdf
buprenorphine-buvidal,2019,3,2019-03-01,buprenorphine-Buvidal-psd-march-2019.pdf
buprenorphine-increased-maximum-quantities,2015,11,2015-11-01,buprenorphine-increased-maximum-quantities-psd-november-2015.pdf
buprenorphine-naloxone,2020,3,2020-03-01,buprenorphine-naloxone-psd-march-2020.pdf
buprenorphine-naloxone,2019,11,2019-11-01,buprenorphine-naloxone-psd-november-2019.pdf
buprenorphine,2016,7,2016-07-01,buprenorphine-psd-july-2016.pdf
buprenorphine,2015,3,2015-03-01,buprenorphine-psd-march-2015.pdf
buprenorphine,2021,11,2021-11-01,buprenorphine-psd-nov-2021.pdf
buprenorphine,2018,11,2018-11-01,buprenorphine-psd-november-2018.pdf
buprenorphine,2019,11,2019-11-01,buprenorphine-psd-november-2019.pdf
buprenorphine-sublocade,2019,3,2019-03-01,buprenorphine-Sublocade-psd-march-2019.pdf
buprenorphine-with-naloxone,2014,11,2014-11-01,buprenorphine-with-naloxone-psd-11-2014.pdf
burosumab,2021,3,2021-03-01,burosumab-psd-mar-2021.pdf
burosumab,2022,3,2022-03-01,burosumab-psd-march-2022.pdf
burosumab,2022,5,2022-05-01,burosumab-psd-may-2022.pdf
calcipotriol-betamethasone,2015,11,2015-11-01,calcipotriol-betamethasone-psd-november-2015.pdf
calcipotriol-with-betamethasone-dipropionate,2025,7,2025-07-01,calcipotriol-with-betamethasone-dipropionate-psd-july-2025.pdf
calcipotriol-with-betamethasone-dipropionate,2018,3,2018-03-01,calcipotriol-with-betamethasone-dipropionate-psd-march-2018.pdf
calcipotriol-with-betamethasone,2023,7,2023-07-01,calcipotriol-with-betamethasone-psd-july-2023.pdf
calcipotriol-with-betamethasone,2016,11,2016-11-01,calcipotriol-with-betamethasone-psd-november-2016.pdf
calcipotriol-with-betamethasone,2025,11,2025-11-01,calcipotriol-with-betamethasone-psd-november-2025.pdf
calcium,2019,3,2019-03-01,calcium-psd-march-2019.pdf
capivasertib,2024,11,2024-11-01,capivasertib PSD-november-2024-with-addendum-march-2025.pdf
carbohydrate-formula,2020,7,2020-07-01,carbohydrate-formula-psd-july-2020.pdf
carbohydrate-formula-sos-products,2016,11,2016-11-01,carbohydrate-formula-sos-products-psd-november-2016.pdf
carglumic-acid,2015,7,2015-07-01,carglumic-acid-psd-july-2015.pdf
cariprazine,2020,11,2020-11-01,cariprazine-psd-nov-2020.pdf
carmellose-hypromellose,2019,7,2019-07-01,carmellose%20hypromellose-psd-july-2019.pdf
carmellose-hypromellose,2018,7,2018-07-01,carmellose-hypromellose-psd-july-2018.pdf
carmellose-with-glycerol-and-hyaluronic-acid,2023,3,2023-03-01,carmellose-with-glycerol-and-hyaluronic-acid-psd-03-2023-05-2023.pdf
cationic-opthalmic-emulsion,2020,7,2020-07-01,cationic-opthalmic-emulsion-psd-july-2020.pdf
cer-pneumococcal,2019,7,2019-07-01,cer-pneumococcal-psd-july-2019.pdf
cerliponase-alfa,2018,7,2018-07-01,cerliponase-alfa-psd-july-2018.pdf
cetrorelix,2025,11,2025-11-01,cetrorelix-psd-november-2025.pdf
chlormethine-hydrochloride,2023,3,2023-03-01,chlormethine-hydrochloride-psd-03-2023.pdf
chlormethine-hydrochloride,2023,11,2023-11-01,chlormethine-hydrochloride-psd-nov-2023.pdf
chorionic-gonadotrophin,2017,3,2017-03-01,chorionic-gonadotrophin-psd-march-2017.pdf
cipaglucosidase-and-miglustat,2025,3,2025-03-01,cipaglucosidase-and-miglustat-psd-march-2025.pdf
citrulline,2015,11,2015-11-01,citrulline-psd-november-2015.pdf
clobetasol,2013,11,2013-11-01,clobetasol-psd-11-2013.pdf
clobetasol,2024,11,2024-11-01,clobetasol-psd-nov-2024.pdf
clostridium-botulinum,2020,7,2020-07-01,clostridium-botulinum-psd-july-2020.pdf
clostridium-botulinum-toxin-a,2019,3,2019-03-01,clostridium-botulinum-toxin-a-psd-march-2019.pdf
clostridium-botulinum-toxin,2019,7,2019-07-01,clostridium-botulinum-toxin-psd-july-2019.pdf
clozapine,2018,7,2018-07-01,clozapine-psd-july-2018.pdf
coal-tar-prepared,2014,11,2014-11-01,coal-tar-prepared-psd-11-2014.pdf
cobicistat,2013,3,2013-03-01,cobicistat-psd-03-2013.pdf
cobicistat-tybost,2013,3,2013-03-01,cobicistat-tybost-psd-03-2013.pdf
continued-dispensing,2021,11,2021-11-01,continued-dispensing-psd-nov-2021.pdf
corifollitropin,2013,3,2013-03-01,corifollitropin-psd-03-2013.pdf
dactylis-glomerata,2016,7,2016-07-01,dactylis-glomerata-psd-july-2016.pdf
dapsone,2025,3,2025-03-01,dapsone-psd-march-2025.pdf
darbepoetin,2019,3,2019-03-01,darbepoetin-psd-march-2019.pdf
darunavir-cobicistat-emtricitabine-tenofovir,2019,11,2019-11-01,darunavir-cobicistat-emtricitabine-tenofovir-psd-november-2019.pdf
darunavir-cobicistat,2016,3,2016-03-01,darunavir-cobicistat-psd-march-2016.pdf
darunavir-cobicistat,2015,11,2015-11-01,darunavir-cobicistat-psd-november-2015.pdf
daunorubicin-with-cytarabine,2023,7,2023-07-01,daunorubicin-with-cytarabine-psd-july-2023.pdf
daunorubicin-with-cytarabine,2023,11,2023-11-01,daunorubicin-with-cytarabine-psd-nov-2023.pdf
deferasirox,2015,7,2015-07-01,deferasirox-psd-july-2015.pdf
deferasirox,2018,7,2018-07-01,deferasirox-psd-july-2018.pdf
deferasirox,2020,11,2020-11-01,deferasirox-psd-nov-2020.pdf
deferiprone,2017,11,2017-11-01,deferiprone-psd-november-2017.pdf
delgocitinib,2025,11,2025-11-01,delgocitinib-psd-november-2025.pdf
desmopressin,2025,11,2025-11-01,desmopressin-psd-november-2025.pdf
deutetrabenazine,2021,3,2021-03-01,deutetrabenazine-psd-mar-2021.pdf
dienogest,2024,7,2024-07-01,dienogest-psd-july-2024.pdf
dolutegravir-lamivudine-abacavir,2014,11,2014-11-01,dolutegravir-lamivudine-abacavir-psd-11-2014.pdf
dolutegravir,2013,11,2013-11-01,dolutegravir-psd-11-2013.pdf
dolutegravir-rilpivirine,2018,7,2018-07-01,dolutegravir-rilpivirine-psd-july-2018.pdf
dolutegravir-with-lamivudine,2020,7,2020-07-01,dolutegravir-with%20lamivudine-psd-july-2020.pdf
dolutegravir-with-lamivudine,2019,7,2019-07-01,dolutegravir-with-lamivudine-psd-7-2019-addenda-08-2019-and-09-2019.pdf
dolutegravir-with-lamivudine,2019,7,2019-07-01,dolutegravir-with-lamivudine-psd-july-2019.pdf
donanemab,2025,7,2025-07-01,donanemab-psd-july-2025.pdf
dorzolamide-and-timolol,2022,3,2022-03-01,dorzolamide-and-timolol-psd-march-2022.pdf
drospirenone,2024,11,2024-11-01,drospirenone-psd-nov-2024.pdf
drospirenone-with-ethinylestradiol,2024,7,2024-07-01,drospirenone-with-ethinylestradiol-psd-july 2024-nov-2024.pdf
drugs-hepatitis-c-stakeholder-meeting-outcomes,2019,3,2019-03-01,drugs-hepatitis-c-stakeholder-meeting-outcomes-psd-march-2019.pdf
dtpa-hb-ipv-hib,2022,3,2022-03-01,dtpa-hb-ipv-hib-psd-march-2022.pdf
dtpa-hepb-ivp-hib-vaccine,2015,3,2015-03-01,dtpa-hepb-ivp-hib-vaccine-psd-march-2015.pdf
dtpa-vaccine,2014,11,2014-11-01,dtpa-vaccine-psd-11-2014.pdf
dtpa-vaccine,2016,7,2016-07-01,dtpa-vaccine-psd-july-2016.pdf
dtpa-vaccine,2017,3,2017-03-01,dtpa-vaccine-psd-march-2017.pdf
dulaglutide,2020,7,2020-07-01,dulaglutide-psd-july-2020.pdf
dulaglutide,2022,5,2022-05-01,dulaglutide-psd-may-2022.pdf
dulaglutide,2017,11,2017-11-01,dulaglutide-psd-november-2017.pdf
dulaglutide,2019,11,2019-11-01,dulaglutide-psd-november-2019.pdf
dulaglutide-s19a,2022,10,2022-10-01,dulaglutide-s19A-psd-october-2022.pdf
dupilimumab,2020,3,2020-03-01,dupilimumab-psd-march-2020.pdf
edaravone,2024,3,2024-03-01,edaravone-psd-march-2024.pdf
edaravone,2023,11,2023-11-01,edaravone-psd-nov-2023.pdf
efgartigimod-alfa,2025,3,2025-03-01,efgartigimod-alfa-psd-march-2025.pdf
efgartigimod-alfa,2025,11,2025-11-01,efgartigimod-alfa-psd-november-2025.pdf
eflornithine,2025,3,2025-03-01,eflornithine-psd-march-2025.pdf
elacestrant,2025,3,2025-03-01,elacestrant-psd-march-2025.pdf
elafibranor,2025,3,2025-03-01,elafibranor-psd-march-2025.pdf
elexacaftor-tezacaftor-ivacaftor,2022,11,2022-11-01,elexacaftor-tezacaftor-ivacaftor-psd-11-2022-03-2023.pdf
elexacaftor-tezacaftor-ivacaftor,2021,12,2021-12-01,elexacaftor-tezacaftor-ivacaftor-psd-december-2021.pdf
elexacaftor-tezacaftor-ivacaftor,2021,7,2021-07-01,elexacaftor-tezacaftor-ivacaftor-psd-july-2021.pdf
elexacaftor-tezacaftor-ivacaftor,2021,3,2021-03-01,elexacaftor-tezacaftor-ivacaftor-psd-mar-2021.pdf
elexacaftor-tezacaftor-ivacaftor,2024,3,2024-03-01,elexacaftor-tezacaftor-ivacaftor-psd-march-2024.pdf
elexacaftor-tezacaftor-ivacaftor,2025,3,2025-03-01,elexacaftor-tezacaftor-ivacaftor-psd-march-2025.pdf
elexacaftor-tezacaftor-ivacaftor,2021,5,2021-05-01,elexacaftor-tezacaftor-ivacaftor-psd-may-2021.pdf
eliglustat,2015,7,2015-07-01,eliglustat-psd-july-2015.pdf
elosulfase-alfa,2014,11,2014-11-01,elosulfase-alfa-psd-11-2014.pdf
elosulfase-alfa,2016,3,2016-03-01,elosulfase-alfa-psd-march-2016.pdf
elranatamab,2024,7,2024-07-01,elranatamab-psd-july-2024.pdf
elranatamab,2025,3,2025-03-01,elranatamab-psd-march-2025-with-addendum-december-2025.pdf
elvitegravir,2013,3,2013-03-01,elvitegravir-psd-03-2013.pdf
emtricitabine-tenofovir-rilpivirine,2016,7,2016-07-01,emtricitabine-tenofovir-rilpivirine-psd-july-2016.pdf
encorafenib-and-binimetinib,2025,11,2025-11-01,encorafenib-and-binimetinib-psd-november-2025.pdf
encorafenib-binimetinib,2018,11,2018-11-01,encorafenib-binimetinib-psd-november-2018.pdf
enoxaparin,2014,11,2014-11-01,enoxaparin-psd-11-2014.pdf
enoxaparin,2019,7,2019-07-01,enoxaparin-psd-july-2019.pdf
enoxaparin,2020,7,2020-07-01,enoxaparin-psd-july-2020.pdf
enoxaparin,2023,7,2023-07-01,enoxaparin-psd-july-2023.pdf
enoxaparin,2025,7,2025-07-01,enoxaparin-psd-july-2025.pdf
enoxaparin,2019,3,2019-03-01,enoxaparin-psd-march-2019.pdf
eplerenone,2025,7,2025-07-01,eplerenone-psd-july-2025-with-addendum-december-2025.pdf
epoetin-lambda,2017,7,2017-07-01,epoetin-lambda-psd-july-2017.pdf
epoprostenol,2014,7,2014-07-01,epoprostenol-psd-07-2014.pdf
epoprostenol-sodium,2016,11,2016-11-01,epoprostenol-sodium-psd-november-2016.pdf
ertugliflozin-sitagliptin,2018,7,2018-07-01,ertugliflozin-sitagliptin-psd-july-2018-psd.pdf
escitalopram,2014,7,2014-07-01,escitalopram-psd-07-2014.pdf
eslicarbazepine,2021,3,2021-03-01,eslicarbazepine-psd-mar-2021.pdf
essential-amino-acids-formula-with-vitamins-and-minerals-%28eaa-supplement%29,2021,11,2021-11-01,essential-amino-acids-formula-with-vitamins-and-minerals-%28eaa-supplement%29-psd-nov-2021.pdf
estetrol-with-drospirenone,2025,3,2025-03-01,estetrol-with-drospirenone-psd-march-2025.pdf
estradiol-progesterone-estradiol-and-progesterone,2024,11,2024-11-01,estradiol-progesterone-estradiol-and-progesterone-psd-nov-2024.pdf
estradiol-with-progesterone,2025,11,2025-11-01,estradiol-with-progesterone-psd-november-2025.pdf
fampridine,2014,3,2014-03-01,fampridine-psd-03-2014.pdf
fentanyl-buccal,2015,7,2015-07-01,fentanyl-buccal-psd-july-2015.pdf
fentanyl-citrate,2013,3,2013-03-01,fentanyl-citrate-psd-03-2013.pdf
fentanyl-citrate,2015,7,2015-07-01,fentanyl-citrate-psd-july-2015.pdf
fentanyl-citrate,2015,11,2015-11-01,fentanyl-citrate-psd-november-2015.pdf
fentanyl-nasal-spray,2014,3,2014-03-01,fentanyl-nasal-spray-psd-03-2014.pdf
fentanyl,2017,7,2017-07-01,fentanyl-psd-july-2017.pdf
fentanyl-sublingual-tablet,2014,3,2014-03-01,fentanyl-sublingual-tablet-psd-03-2014.pdf
ferric-carboxymaltose,2013,3,2013-03-01,ferric-carboxymaltose-psd-03-2013.pdf
ferric-carboxymaltose,2013,11,2013-11-01,ferric-carboxymaltose-psd-11-2013.pdf
ferric-carboxymaltose,2018,11,2018-11-01,ferric-carboxymaltose-psd-november-2018.pdf
ferric-derisomaltose,2019,7,2019-07-01,ferric-derisomaltose-psd-07-2019-addendum-08-2019.docx.pdf
ferric-derisomaltose,2018,7,2018-07-01,ferric-derisomaltose-psd-july-2018.pdf
ferric-derisomaltose,2019,7,2019-07-01,ferric-derisomaltose-psd-july-2019.pdf
fezolinetant,2025,3,2025-03-01,fezolinetant-psd-march-2025.pdf
fezolinetant,2025,11,2025-11-01,fezolinetant-psd-november-2025.pdf
filgrastim,2018,3,2018-03-01,filgrastim-psd-march-2018.pdf
flucloxacillin,2015,11,2015-11-01,flucloxacillin-psd-november-2015.pdf
fluticasone-furoate,2019,7,2019-07-01,fluticasone-furoate-psd-july-2019.pdf
fluticasone-furoate,2017,3,2017-03-01,fluticasone-furoate-psd-march-2017.pdf
fluticasone-furoate-umeclidinium-vilanterol,2017,12,2017-12-01,fluticasone-furoate-umeclidinium-vilanterol-psd-12-2017.pdf
fluticasone-propionate,2013,7,2013-07-01,fluticasone-propionate-psd-07-2013.pdf
fluticasone-propionate-salmeterol,2023,11,2023-11-01,fluticasone-propionate-salmeterol-psd-nov-2023.pdf
fluticasone-propionate-with-eformoterol,2018,11,2018-11-01,fluticasone-propionate-with-eformoterol-psd-november-2018.pdf
fluticasone,2014,7,2014-07-01,fluticasone-psd-07-2014.pdf
fluticasone,2019,3,2019-03-01,fluticasone-psd-march-2019.pdf
fluticasone,2015,11,2015-11-01,fluticasone-psd-november-2015.pdf
fluticasone-salmeterol,2016,11,2016-11-01,fluticasone-salmeterol-psd-november-2016.pdf
fluticasone-umeclidinium-vilanterol,2021,11,2021-11-01,fluticasone-umeclidinium-vilanterol-psd-nov-2021.pdf
fluticasone-vilanterol-copd,2014,3,2014-03-01,fluticasone-vilanterol-copd-psd-03-2014.pdf
fluticasone-vilanterol,2014,3,2014-03-01,fluticasone-vilanterol-psd-03-2014.pdf
follitropin-alfa,2021,11,2021-11-01,follitropin%20alfa-psd-november-2021.pdf
follitropin-alfa-and-lutropin-alfa,2024,11,2024-11-01,follitropin-alfa-and-lutropin-alfa-psd-nov-2024.pdf
follitropin-alfa-lutropin-alfa-and-lutropin-alfa,2016,3,2016-03-01,follitropin-alfa-lutropin-alfa-and-lutropin-alfa-psd-march-2016.pdf
follitropin-alfa-lutropin-alfa,2015,3,2015-03-01,follitropin-alfa-lutropin-alfa-psd-march-2015.pdf
follitropin-alfa,2021,7,2021-07-01,follitropin-alfa-psd-july-2021.pdf
follitropin-alfa,2016,3,2016-03-01,follitropin-alfa-psd-march-2016.pdf
follitropin-alfa,2018,3,2018-03-01,follitropin-alfa-psd-march-2018.pdf
follitropin-alfa-with-lutropin-alfa,2018,11,2018-11-01,follitropin-alfa-with-lutropin-alfa-psd-november-2018.pdf
follitropin-delta,2017,11,2017-11-01,follitropin-delta-psd-november-2017.pdf
follitropin,2014,3,2014-03-01,follitropin-psd-03-2014.pdf
fosaprepitant,2016,11,2016-11-01,fosaprepitant-psd-november-2016.pdf
foslevodopa-foscarbidopa,2024,11,2024-11-01,foslevodopa-foscarbidopa-psd-nov-2024.pdf
fosnetupitant-palonosetron,2023,3,2023-03-01,fosnetupitant-palonosetron-psd-03-2023.pdf
fosnetupitant,2020,7,2020-07-01,fosnetupitant-psd-july-2020.pdf
futibatinib,2025,7,2025-07-01,futibatinib-psd-july-2025-november-2025.pdf
futibatinib,2025,3,2025-03-01,futibatinib-psd-march-2025.pdf
galsulfase-rch-naglazyme-5.5--biomarin-pharmaceuticals,2007,7,2007-07-01,GALSULFASE-rch%20Naglazyme%205.5%20%20BioMarin%20Pharmaceuticals%20PSD%20FINAL%202007-07.pdf
garadacimab,2024,11,2024-11-01,garadacimab-psd-nov-2024.pdf
givosiran,2025,7,2025-07-01,givosiran-psd-july-2025-november-2025.pdf
glatiramer,2017,7,2017-07-01,glatiramer-psd-july-2017.pdf
glatiramer,2021,3,2021-03-01,glatiramer-psd-mar-2021.pdf
glatiramer,2015,3,2015-03-01,glatiramer-psd-march-2015.pdf
glatiramer,2022,3,2022-03-01,glatiramer-psd-march-2022.pdf
glecaprevir-with-pibrentasvir,2017,7,2017-07-01,glecaprevir-with-pibrentasvir-psd-july-2017.pdf
glecaprevir-with-pibrentasvir,2020,11,2020-11-01,glecaprevir-with-pibrentasvir-psd-nov-2020.pdf
glecaprevir-with-pibrentasvir,2017,11,2017-11-01,glecaprevir-with-pibrentasvir-psd-november-2017.pdf
glucose-indicator-blood-infopia,2014,11,2014-11-01,glucose-indicator-blood-infopia-psd-11-2014.pdf
glucose-indicator-blood,2016,3,2016-03-01,glucose-indicator-blood-psd-march-2016.pdf
glucose-indicator-blood,2015,11,2015-11-01,glucose-indicator-blood-psd-november-2015.pdf
glucose-indicator-blood-uhealth,2014,11,2014-11-01,glucose-indicator-blood-uhealth-psd-11-2014.pdf
glucose-indicator-swr,2014,7,2014-07-01,glucose-indicator-swr-psd-07-2014.pdf
glycine-carbohydrates,2014,7,2014-07-01,glycine-carbohydrates-psd-07-2014.pdf
glycomacropeptide-and-essential-amino-acids,2015,3,2015-03-01,glycomacropeptide-and-essential-amino-acids-psd-march-2015.pdf
glycomacropeptide-and-essential-amino-acids,2018,11,2018-11-01,glycomacropeptide-and-essential-amino-acids-psd-november-2018.pdf
glycomacropeptide-and-essential-amino-acids-with-vitamins-and-minerals-pku-glytactin-rtd-camino-pro-bettermilk,2023,3,2023-03-01,glycomacropeptide-and-essential-amino-acids-with-vitamins-and-minerals-pku-glytactin-rtd-camino-pro-bettermilk-psd-03-2023.pdf
glycomacropeptide-and-essential-amino-acids-with-vitamins-and-minerals-tylactin-rtd,2023,3,2023-03-01,glycomacropeptide-and-essential-amino-acids-with-vitamins-and-minerals-tylactin-rtd-psd-03-2023.pdf
glycomacropeptide-formula-pku-build,2019,11,2019-11-01,glycomacropeptide-formula-pku-build-psd-november-2019.pdf
glycomacropeptide-formula-pku-gmpro-lq,2019,7,2019-07-01,glycomacropeptide-formula-pku-gmpro-lq-psd-july-2019.pdf
glycomacropeptide-formula-pku-restore,2016,11,2016-11-01,glycomacropeptide-formula-pku-restore-psd-november-2016.pdf
glycomacropeptide-formula-pku-sphere,2022,11,2022-11-01,glycomacropeptide-formula-pku-sphere-psd-11-2022.pdf
glycomacropeptide-formula-pku-sphere,2017,7,2017-07-01,glycomacropeptide-formula-pku-sphere-psd-july-2017.pdf
glycomacropeptide-formula-pku-sphere,2016,11,2016-11-01,glycomacropeptide-formula-pku-sphere-psd-november-2016.pdf
glycomacropeptide-formula,2016,7,2016-07-01,glycomacropeptide-formula-psd-july-2016.pdf
glycomacropeptide-formula-tyr-sphere,2019,7,2019-07-01,glycomacropeptide-formula-tyr-sphere-psd-july-2019.pdf
glycomacropeptide-formula-with-amino-acids-and-low-phenylalanine,2022,3,2022-03-01,glycomacropeptide-formula-with-amino-acids-and-low-phenylalanine-psd-march-2022.pdf
glycomacropeptide-formula-with-amino-acids,2022,3,2022-03-01,glycomacropeptide-formula-with-amino-acids-psd-march-2022.pdf
glycomacropeptide-formula-with-docosahexaenoic-acid-with-low-phenylalanine,2018,11,2018-11-01,glycomacropeptide-formula-with-docosahexaenoic-acid-with-low-phenylalanine-psd-november-2018.pdf
glycomacropeptide-pku-build-10,2024,11,2024-11-01,glycomacropeptide-pku-build-10-psd-nov-2024.pdf
glycomacropeptide-pku-build,2017,11,2017-11-01,glycomacropeptide-pku-build-psd-november-2017.pdf
glycomacropeptide,2015,7,2015-07-01,glycomacropeptide-psd-july-2015.pdf
glycomacropeptide,2020,7,2020-07-01,glycomacropeptide-psd-july-2020.pdf
glycomacropeptide,2015,11,2015-11-01,glycomacropeptide-psd-november-2015.pdf
glycomacropeptide-tylactin-complete,2017,11,2017-11-01,glycomacropeptide-tylactin-complete-psd-november-2017.pdf
glycopyrronium,2013,11,2013-11-01,glycopyrronium-psd-11-2013.pdf
glycopyrronium,2015,11,2015-11-01,glycopyrronium-psd-november-2015.pdf
glycopyrronium,2025,11,2025-11-01,glycopyrronium-psd-november-2025.pdf
gonadotrophin,2016,3,2016-03-01,gonadotrophin-psd-march-2016.pdf
gonadotrophin,2016,11,2016-11-01,gonadotrophin-psd-november-2016.pdf
goserelin,2017,7,2017-07-01,goserelin-psd-july-2017.pdf
goserelin,2017,3,2017-03-01,goserelin-psd-march-2017.pdf
goserelin,2016,11,2016-11-01,goserelin-psd-november-2016.pdf
grazoprevir-elbasvir,2016,7,2016-07-01,grazoprevir-elbasvir-psd-july-2016.pdf
grazoprevir-elbasvir,2018,3,2018-03-01,grazoprevir-elbasvir-psd-march-2018.pdf
guanfacine,2018,7,2018-07-01,guanfacine-psd-july-2018.pdf
hepatitis-b-surface-antigen-recombinant-vaccine-engerix-b,2018,7,2018-07-01,hepatitis-b-surface-antigen-recombinant-vaccine-engerix-b-psd-july-2018.pdf
high-fat-formula-k.yo,2021,3,2021-03-01,high%20fat%20formula-K.Yo-psd-mar-2021.pdf
high-dose-trivalent-influenza-vaccine,2019,11,2019-11-01,high-dose-trivalent-influenza-vaccine-psd-november-2019.pdf
high-fat-formula-ketocal,2021,3,2021-03-01,high-fat-formula-KetoCal-psd-mar-2021.pdf
high-fat-formula-ketovie-peptide,2021,7,2021-07-01,high-fat-formula-ketovie-peptide-psd-july-2021.pdf
high-fat-formula-ketovie,2023,3,2023-03-01,high-fat-formula-ketovie-psd-03-2023.pdf
high-fat-formula-keyo,2016,11,2016-11-01,high-fat-formula-keyo-psd-november-2016.pdf
high-fat-formula,2020,11,2020-11-01,high-fat-formula-psd-nov-2020.pdf
high-fat-formula-with-vitamins-and-minerals-and-trace-elements-ketocal,2015,11,2015-11-01,high-fat-formula-with-vitamins-and-minerals-and-trace-elements-ketocal-psd-november-2015.pdf
honey-bee-yellow-jacket-and-paper-wasp-venom,2016,3,2016-03-01,honey-bee-yellow-jacket-and-paper-wasp-venom-psd-march-2016.pdf
house-dust-mite,2016,7,2016-07-01,house-dust-mite-psd-july-2016.pdf
hpv-vaccine,2022,12,2022-12-01,hpv-vaccine-psd-12-2022.pdf
hpv-vaccine,2015,11,2015-11-01,hpv-vaccine-psd-november-2015.pdf
human-menopausal-gonadotrophin,2022,7,2022-07-01,human-menopausal-gonadotrophin-psd-july-2022.pdf
human-papillomavirus-9v-vaccine,2017,7,2017-07-01,human-papillomavirus-9v-vaccine-psd-july-2017.pdf
hyaluronic-acid-with-polyethylene-glycol-400-with-propylene-glycol,2023,3,2023-03-01,hyaluronic-acid-with-polyethylene-glycol-400-with-propylene-glycol-psd-03-2023-05-2023.pdf
hydrocortisone,2021,7,2021-07-01,hydrocortisone-psd-july-2021.pdf
hydromorphone-hydrochloride,2018,3,2018-03-01,hydromorphone-hydrochloride-psd-march-2018.pdf
hypromellose,2021,7,2021-07-01,hypromellose-psd-july-2021.pdf
hypromellose,2018,11,2018-11-01,hypromellose-psd-november-2018.pdf
icatibant,2017,7,2017-07-01,icatibant-psd-july-2017.pdf
icatibant,2016,11,2016-11-01,icatibant-psd-november-2016.pdf
inactivated-influenza-vaccine-surface-antigen,2018,3,2018-03-01,inactivated-influenza-vaccine-surface-antigen-psd-march-2018.pdf
inactivated-quadrivalent-influenza-vaccine,2018,11,2018-11-01,inactivated-quadrivalent-influenza-vaccine-psd-november-2018.pdf
inactivated-quadrivalent-influenza-vaccine,2019,11,2019-11-01,Inactivated-quadrivalent-influenza-vaccine-psd-november-2019.pdf
inactivated-trivalent-influenza-vaccine-tiv-hd-split-virion,2018,3,2018-03-01,inactivated-trivalent-influenza-vaccine-tiv-hd-split-virion-psd-march-2018.pdf
incobotulinumtoxin-a,2019,11,2019-11-01,incobotulinumtoxin-a-psd-november-2019.pdf
incobotulinumtoxin,2014,7,2014-07-01,incobotulinumtoxin-psd-07-2014.pdf
incobotulinumtoxina,2025,7,2025-07-01,incobotulinumtoxinA-psd-july-2025.pdf
incobotulinumtoxina,2024,11,2024-11-01,incobotulinumtoxina-psd-nov-2024-may-2025.pdf
indacaterol-glycopyrronium-mometasone,2020,7,2020-07-01,indacaterol-glycopyrronium-mometasone-psd-july-2020-addendum.pdf
indacaterol-glycopyrronium,2014,7,2014-07-01,indacaterol-glycopyrronium-psd-07-2014.pdf
indacaterol,2014,3,2014-03-01,indacaterol-psd-03-2014.pdf
indacterol-with-mometasone,2020,7,2020-07-01,indacterol-with-mometasone-psd-july-2020.pdf
influenza-quadrivalent-and-adjuvanted-trivalent-vaccines,2019,7,2019-07-01,influenza-quadrivalent-and-adjuvanted-trivalent-vaccines-psd-july-2019.pdf
influenza-quadrivalent-vaccine,2019,7,2019-07-01,influenza-quadrivalent-vaccine-psd-july-2019.pdf
influenza-vaccine-flublok,2024,3,2024-03-01,influenza-vaccine-flublok-psd-march-2024.pdf
influenza-vaccine-flucelvax,2024,3,2024-03-01,influenza-vaccine-flucelvax-psd-march-2024.pdf
influenza-vaccine,2016,8,2016-08-01,influenza-vaccine-psd-august-2016.pdf
influenzavaccine,2015,3,2015-03-01,influenzavaccine-psd-march-2015.pdf
ingenol,2014,7,2014-07-01,ingenol-psd-07-2014.pdf
ingenol,2013,11,2013-11-01,ingenol-psd-11-2013.pdf
insect-allergen-extract-honey-bee-venom,2018,7,2018-07-01,insect-allergen-extract-honey-bee-venom-psd-july-2018.pdf
insulin-degludec,2025,7,2025-07-01,insulin degludec-psd-july-2025.pdf
insulin-aspart,2021,11,2021-11-01,insulin-aspart-psd-nov-2021.pdf
insulin-aspart,2018,11,2018-11-01,insulin-aspart-psd-november-2018.pdf
insulin-degludec-with-insulin-aspart,2018,3,2018-03-01,insulin-degludec-with-insulin-aspart-psd-march-2018.pdf
insulin-degludec-with-insulin-aspart,2017,11,2017-11-01,insulin-degludec-with-insulin-aspart-psd-november-2017.pdf
insulin-glargine-biosimilar,2015,11,2015-11-01,insulin-glargine-biosimilar-psd-november-2015.pdf
insulin-glargine,2015,7,2015-07-01,insulin-glargine-psd-july-2015.pdf
insulin-glargine,2018,7,2018-07-01,insulin-glargine-psd-july-2018.pdf
insulin-glargine,2015,3,2015-03-01,insulin-glargine-psd-march-2015.pdf
insulin-glargine-with-lixisenatide,2019,3,2019-03-01,insulin-glargine-with-lixisenatide-psd-march-2019.pdf
insulin-lispro,2017,11,2017-11-01,insulin-lispro-psd-november-2017.pdf
iptacopan,2024,7,2024-07-01,iptacopan-psd-july-2024.pdf
iptacopan,2025,11,2025-11-01,iptacopan-psd-november-2025.pdf
irinotecan-nanoliposomal,2024,3,2024-03-01,irinotecan-nanoliposomal-psd-march-2024.pdf
irinotecan-nanoliposomal,2016,11,2016-11-01,irinotecan-nanoliposomal-psd-november-2016.pdf
iron-chelating-agents,2014,11,2014-11-01,iron-chelating-agents-psd-11-2014.pdf
iron-sucrose,2014,11,2014-11-01,iron-sucrose-psd-11-2014.pdf
isotretinoin,2018,11,2018-11-01,isotretinoin-psd-november-2018.pdf
isotretinoin,2019,11,2019-11-01,isotretinoin-psd-november-2019.pdf
itraconazole,2014,11,2014-11-01,itraconazole-psd-11-2014.pdf
itraconazole,2015,11,2015-11-01,itraconazole-psd-november-2015.pdf
ivermectin,2014,3,2014-03-01,ivermectin-psd-03-2014.pdf
lacosamide,2021,3,2021-03-01,lacosamide-psd-mar-2021.pdf
lacosamide,2015,3,2015-03-01,lacosamide-psd-march-2015.pdf
lacosamide,2018,11,2018-11-01,lacosamide-psd-november-2018.pdf
lanreotide-gep-nets,2017,11,2017-11-01,lanreotide-gep-nets-psd-november-2017.pdf
lanreotide,2022,11,2022-11-01,lanreotide-psd-11-2022.pdf
lanreotide,2017,7,2017-07-01,lanreotide-psd-july-2017.pdf
lanreotide,2024,7,2024-07-01,lanreotide-psd-july-2024.pdf
lanreotide,2019,3,2019-03-01,lanreotide-psd-march-2019.pdf
lanreotide,2015,11,2015-11-01,lanreotide-psd-november-2015.pdf
lanreotide,2016,11,2016-11-01,lanreotide-psd-november-2016.pdf
lanreotide,2017,11,2017-11-01,lanreotide-psd-november-2017.pdf
lebrikizumab,2024,3,2024-03-01,lebrikizumab-psd-march-2024.pdf
lenacapavir,2022,11,2022-11-01,lenacapavir-psd-11-2022.pdf
lenacapavir,2023,11,2023-11-01,lenacapavir-psd-nov-2023.pdf
leniolisib,2025,7,2025-07-01,leniolisib-psd-july-2025.pdf
leuprorelin-30-mg,2015,7,2015-07-01,leuprorelin-30-mg-psd-july-2015.pdf
leuprorelin-45-mg,2015,7,2015-07-01,leuprorelin-45-mg-psd-july-2015.pdf
leuprorelin-and-bicalutamide,2016,7,2016-07-01,leuprorelin-and-bicalutamide-psd-july-2016.pdf
leuprorelin,2014,11,2014-11-01,leuprorelin-psd-11-2014.pdf
leuprorelin,2019,7,2019-07-01,leuprorelin-psd-july-2019.pdf
leuprorelin,2022,7,2022-07-01,leuprorelin-psd-july-2022.pdf
leuprorelin,2016,3,2016-03-01,leuprorelin-psd-march-2016.pdf
leuprorelin,2024,11,2024-11-01,leuprorelin-psd-nov-2024.pdf
levodopa-and-carbidopa,2019,11,2019-11-01,levodopa-and-carbidopa-psd-november-2019.pdf
levodopa-with-carbidopa-and-entacapone,2024,7,2024-07-01,levodopa-with-carbidopa-and-entacapone-psd-july-2024.pdf
levodopa-with-carbidopa-and-entacapone,2024,3,2024-03-01,levodopa-with-carbidopa-and-entacapone-psd-march-2024.pdf
levodopa-with-carbidopa,2016,11,2016-11-01,levodopa-with-carbidopa-psd-november-2016.pdf
levonorgestrel,2014,3,2014-03-01,levonorgestrel-psd-03-2014.pdf
levonorgestrel,2013,7,2013-07-01,levonorgestrel-psd-07-2013.pdf
levonorgestrel,2019,3,2019-03-01,levonorgestrel-psd-march-2019.pdf
lignocaine,2015,3,2015-03-01,lignocaine-psd-march-2015.pdf
linagliptin,2013,3,2013-03-01,linagliptin-psd-03-2013.pdf
linagliptin,2013,4,2013-04-01,linagliptin-psd-04-2013.pdf
linagliptin-triple,2016,3,2016-03-01,linagliptin-triple-psd-march-2016.pdf
linagliptin-with-insulin,2016,3,2016-03-01,linagliptin-with-insulin-psd-march-2016.pdf
linezolid,2013,7,2013-07-01,linezolid-psd-07-2013.pdf
linzagolix,2024,7,2024-07-01,linzagolix-psd-july-2024.pdf
lipegfilgrastim,2016,3,2016-03-01,lipegfilgrastim-psd-march-2016.pdf
lisdexamfetamine,2013,7,2013-07-01,lisdexamfetamine-psd-07-2013.pdf
lisdexamfetamine,2014,7,2014-07-01,lisdexamfetamine-psd-07-2014.pdf
lisdexamfetamine,2019,7,2019-07-01,lisdexamfetamine-psd-july-2019.pdf
lisdexamfetamine,2020,3,2020-03-01,lisdexamfetamine-psd-march-2020.pdf
lixisenatide-dual-triple-therapy,2014,7,2014-07-01,lixisenatide-dual-triple-therapy-psd-07-2014.pdf
lixisenatide-with-insulin,2014,7,2014-07-01,lixisenatide-with-insulin-psd-07-2014.pdf
lumacaftor-ivacaftor,2023,7,2023-07-01,lumacaftor%20ivacaftor-psd-july-2023.pdf
lumacaftor-ivacaftor-age-6-11,2018,7,2018-07-01,lumacaftor-ivacaftor-age-6-11-psd-july-2018.docx.pdf
lumacaftor-ivacaftor,2021,12,2021-12-01,lumacaftor-ivacaftor-psd-december-2021.pdf
lumacaftor-ivacaftor,2017,7,2017-07-01,lumacaftor-ivacaftor-psd-july-2017.pdf
lumacaftor-ivacaftor,2019,7,2019-07-01,lumacaftor-ivacaftor-psd-july-2019.pdf
lumacaftor-ivacaftor,2021,7,2021-07-01,lumacaftor-ivacaftor-psd-july-2021.pdf
lumacaftor-ivacaftor,2016,3,2016-03-01,lumacaftor-ivacaftor-psd-march-2016.pdf
lumacaftor-ivacaftor,2016,11,2016-11-01,lumacaftor-ivacaftor-psd-november-2016.pdf
lumacaftor-with-ivacaftor-age-12-over,2018,7,2018-07-01,lumacaftor-with-ivacaftor-age-12-over-psd-july-2018.docx.pdf
lumasiran,2025,3,2025-03-01,lumasiran-psd-march-2025.pdf
lurasidone,2014,3,2014-03-01,lurasidone-psd-03-2014.pdf
lurasidone,2015,3,2015-03-01,lurasidone-psd-march-2015.pdf
lurbinectedin,2025,11,2025-11-01,lurbinectedin-psd-november-2025.pdf
lutropin-alfa,2015,3,2015-03-01,lutropin-alfa-psd-march-2015.pdf
macitentan,2014,3,2014-03-01,macitentan-psd-03-2014.pdf
mecasermin,2022,3,2022-03-01,mecasermin-psd-march-2022.pdf
mecasermin,2021,11,2021-11-01,mecasermin-psd-november-2021.pdf
medium-and-long-chain-triglycerides-betaquik-carbzero,2017,3,2017-03-01,medium-and-long-chain-triglycerides-betaquik-carbzero-psd-march-2017.pdf
medium-chain-triglycerides,2017,11,2017-11-01,medium-chain-triglycerides-psd-november-2017.pdf
medroxyprogesterone-acetate,2023,11,2023-11-01,medroxyprogesterone-acetate-psd-nov-2023.pdf
melatonin,2021,7,2021-07-01,melatonin-psd-jul-2021.pdf
melatonin,2021,3,2021-03-01,melatonin-psd-mar-2021.pdf
men-acwy-vaccine-adolescents,2018,3,2018-03-01,men-acwy-vaccine-adolescents-psd-march-2018.pdf
men-acwy-vaccine-infants,2018,3,2018-03-01,men-acwy-vaccine-infants-psd-march-2018.pdf
meningococcal-acwy-crm,2018,7,2018-07-01,meningococcal-acwy-crm-psd-07-2018-with-addendum-08-2018.pdf
meningococcal-acwy-tt,2018,3,2018-03-01,meningococcal-acwy-tt-psd-03-2018-addendum-08-2018.docx.pdf
meningococcal-oligosaccharide-conjugate-vaccine-adolescents,2018,7,2018-07-01,meningococcal-oligosaccharide-conjugate-vaccine-adolescents-psd-july-2018.pdf
meningococcal-vaccine,2014,7,2014-07-01,meningococcal-vaccine-psd-07-2014.pdf
meningococcal-vaccine,2013,11,2013-11-01,meningococcal-vaccine-psd-11-2013.pdf
meningococcal-vaccine,2023,11,2023-11-01,meningococcal-vaccine-psd-nov-2023.pdf
menquadfi,2020,11,2020-11-01,menquadfi-psd-nov-2020.pdf
mercaptopurine,2014,11,2014-11-01,mercaptopurine-psd-11-2014.pdf
mesalazine-pentasa-4g,2014,11,2014-11-01,mesalazine-pentasa-4g-psd-11-2014.pdf
mesalazine,2018,7,2018-07-01,mesalazine-psd-july-2018.pdf
mesalazine,2017,3,2017-03-01,mesalazine-psd-march-2017.pdf
mesalazine,2020,3,2020-03-01,mesalazine-psd-march-2020.pdf
mesalazine,2020,11,2020-11-01,mesalazine-psd-nov-2020.pdf
mesalazine,2015,11,2015-11-01,mesalazine-psd-november-2015.pdf
mesalazine-salofalk-3g,2014,11,2014-11-01,mesalazine-salofalk-3g-psd-11-2014.pdf
metformin-saxagliptin,2013,11,2013-11-01,metformin-saxagliptin-psd-11-2013.pdf
metformin-sitagliptin,2013,11,2013-11-01,metformin-sitagliptin-psd-11-2013.pdf
methotrexate,2018,7,2018-07-01,methotrexate-psd-july-2018.pdf
methotrexate,2024,7,2024-07-01,methotrexate-psd-july-2024.pdf
methotrexate,2016,3,2016-03-01,methotrexate-psd-march-2016.pdf
methotrexate,2017,3,2017-03-01,methotrexate-psd-march-2017.pdf
methoxsalen,2017,7,2017-07-01,methoxsalen-psd-july-2017.pdf
methoxsalen,2021,7,2021-07-01,methoxsalen-psd-july-2021.pdf
methoxsalen,2020,5,2020-05-01,methoxsalen-psd-may-2020.pdf
methoxsalen,2021,9,2021-09-01,methoxsalen-psd-september-2021.pdf
midazolam,2022,11,2022-11-01,midazolam-psd-11-2022.pdf
midazolam,2022,7,2022-07-01,midazolam-psd-july-2022.pdf
midazolam,2023,11,2023-11-01,midazolam-psd-nov-2023.pdf
mifepristone-and-misoprostol,2023,3,2023-03-01,mifepristone-and-misoprostol-psd-03-2023.pdf
mifepristone-misoprostol,2013,3,2013-03-01,mifepristone-misoprostol-psd-03-2013.pdf
mifepristone,2014,7,2014-07-01,mifepristone-psd-07-2014.pdf
migalastat,2022,12,2022-12-01,migalastat-psd-12-2022.pdf
migalastat,2017,7,2017-07-01,migalastat-psd-july-2017.pdf
migalastat,2017,3,2017-03-01,migalastat-psd-march-2017.pdf
migalastat,2024,3,2024-03-01,migalastat-psd-march-2024-with-addendum-may-2024.pdf
migalastat,2017,11,2017-11-01,migalastat-psd-november-2017.pdf
milk-powder-lactose-intolerance-formula,2016,7,2016-07-01,milk-powder-lactose-intolerance-formula-psd-july-2016.pdf
milk-powder-synthetic-low-calcium,2020,7,2020-07-01,milk-powder-synthetic-low-calcium-psd-july-2020.pdf
milk-powder-synthetic,2024,7,2024-07-01,milk-powder-synthetic-psd-july-2024.pdf
milk-protein-and-fat-formula,2020,3,2020-03-01,milk-protein-and-fat-formula-psd-march-2020.pdf
mirvetuximab-soravtansine,2025,7,2025-07-01,mirvetuximab-soravtansine-psd-july-2025-november-2025.pdf
modafinil-armodafinil,2022,5,2022-05-01,modafinil-armodafinil-psd-may-2022.pdf
moga-correspondence-de-restriction,2014,11,2014-11-01,moga-correspondence-de-restriction-psd-11-2014.pdf
moga-correspondence-male-breast-cancer,2014,11,2014-11-01,moga-correspondence-male-breast-cancer-psd-11-2014.pdf
molnupiravir,2023,7,2023-07-01,molnupiravir-psd-july-2023-with-addendum-nov-2023.pdf
morphine,2024,7,2024-07-01,morphine-psd-july-2024.pdf
morphine,2016,3,2016-03-01,morphine-psd-march-2016.pdf
morphine,2019,3,2019-03-01,morphine-psd-march-2019.pdf
msac-outcomes-codependent-listings,2019,12,2019-12-01,msac-outcomes-codependent-listings-psd-december-2019.pdf
msud-anamix-junior,2014,11,2014-11-01,msud-anamix-junior-psd-11-2014.pdf
multi-component-meningococcal-group-b-vaccine,2015,7,2015-07-01,multi-component-meningococcal-group-b-vaccine-psd-july-2015.pdf
multicomponent-meningococcal-b-vaccine,2019,11,2019-11-01,multicomponent-meningococcal-b-vaccine-psd-november-2019.pdf
mupirocin,2019,7,2019-07-01,mupirocin-psd-july-2019.pdf
nabiximols,2013,7,2013-07-01,nabiximols-psd-07-2013.pdf
nabiximols,2020,3,2020-03-01,nabiximols-psd-march-2020.pdf
nadroparin-calcium,2015,7,2015-07-01,nadroparin-calcium-psd-july-2015.pdf
nadroparin,2016,11,2016-11-01,nadroparin-psd-november-2016.pdf
naloxone,2019,3,2019-03-01,naloxone-psd-march-2019.pdf
nandrolone-decanoate,2018,3,2018-03-01,nandrolone-decanoate-psd-march-2018.pdf
naproxen,2013,7,2013-07-01,naproxen-psd-07-2013.pdf
national-hepatitis-c-data-collection,2019,3,2019-03-01,national-hepatitis-c-data-collection-psd-march-2019.pdf
nemolizumab,2025,7,2025-07-01,nemolizumab-psd-july-2025.pdf
netupitant-and-palanosetron,2015,11,2015-11-01,netupitant-and-palanosetron-psd-november-2015.pdf
netupitant-and-palonosetron,2015,7,2015-07-01,netupitant-and-palonosetron-psd-july-2015.pdf
netupitant-palonosetron,2015,3,2015-03-01,netupitant-palonosetron-psd-march-2015.pdf
netupitant-plus-palonosetron,2016,11,2016-11-01,netupitant-plus-palonosetron-psd-november-2016.pdf
netupitant-with-palonosetron,2023,3,2023-03-01,netupitant-with-palonosetron-psd-03-2023.pdf
nicotine,2017,7,2017-07-01,nicotine-psd-july-2017.pdf
nicotine,2018,3,2018-03-01,nicotine-psd-march-2018.pdf
nirmatrelvir-and-ritonavir,2023,11,2023-11-01,nirmatrelvir-and-ritonavir-psd-nov-2023.pdf
nirsevimab,2024,7,2024-07-01,nirsevimab-psd-july-2024.pdf
nitisinone,2014,11,2014-11-01,nitisinone-psd-11-2014.pdf
nitisinone,2015,7,2015-07-01,nitisinone-psd-july-2015.pdf
nurse-practitioner-prescribing-hepatitis-b-c-hiv,2019,11,2019-11-01,nurse-practitioner-prescribing-hepatitis-b-c-hiv-psd-november-2019.pdf
nurse-practitioners-as-secondary-reviewers,2020,12,2020-12-01,nurse-practitioners-as-secondary-reviewers-psd-december-2020.pdf
octreotide,2018,7,2018-07-01,octreotide-psd-july-2018.pdf
octreotide,2019,7,2019-07-01,octreotide-psd-july-2019.pdf
ocular-lubricants,2014,11,2014-11-01,ocular-lubricants-psd-11-2014.pdf
odevixibat,2024,7,2024-07-01,odevixibat-psd-july-2024.pdf
odevixibat,2025,3,2025-03-01,odevixibat-psd-march-2025-july-2025.pdf
olipudase-alfa,2023,7,2023-07-01,olipudase-alfa-psd-july-2023.pdf
olmesarton,2013,7,2013-07-01,olmesarton-psd-07-2013.pdf
olodaterol,2014,7,2014-07-01,olodaterol-psd-07-2014.pdf
omaveloxolone,2025,3,2025-03-01,omaveloxolone-psd-march-2025.pdf
omaveloxolone,2025,11,2025-11-01,omaveloxolone-psd-november-2025.pdf
onasemnogene-abebarvovec,2022,11,2022-11-01,onasemnogene-abebarvovec-psd-11-2022.pdf
onasemnogene-abeparvovec,2023,7,2023-07-01,onasemnogene-abeparvovec-psd-july-2023.pdf
onasemnogene-abeparvovec,2021,5,2021-05-01,onasemnogene-abeparvovec-psd-may-2021.pdf
onasemnogene-abeparvovec,2020,11,2020-11-01,onasemnogene-abeparvovec-psd-nov-2020.pdf
onasemnogene-abeparvovec,2021,9,2021-09-01,onasemnogene-abeparvovec-psd-september-2021.pdf
ondansetron,2020,3,2020-03-01,ondansetron-psd-march-2020.pdf
opicapone,2021,7,2021-07-01,opicapone-psd-july-2021.pdf
osilodrostat,2023,3,2023-03-01,osilodrostat-psd-03-2023.pdf
osilodrostat,2024,3,2024-03-01,osilodrostat-psd-march-2024.pdf
oxybutynin,2023,11,2023-11-01,oxybutynin-psd-nov-2023.pdf
oxycodone-naloxone,2015,3,2015-03-01,oxycodone-naloxone-psd-march-2015.pdf
oxycodone-naloxone,2015,11,2015-11-01,oxycodone-naloxone-psd-november-2015.pdf
oxycodone-oxycontin,2019,7,2019-07-01,oxycodone-oxycontin-psd-july-2019.pdf
oxycodone-oxynorm,2019,7,2019-07-01,oxycodone-oxynorm-psd-july-2019.pdf
oxycodone-plus-naloxone,2016,11,2016-11-01,oxycodone-plus-naloxone-psd-november-2016.pdf
oxycodone,2014,11,2014-11-01,oxycodone-psd-11-2014.pdf
oxycodone,2015,3,2015-03-01,oxycodone-psd-march-2015.pdf
paliperidone,2025,7,2025-07-01,paliperidone-psd-july-2025.pdf
paliperidone,2022,3,2022-03-01,paliperidone-psd-march-2022.pdf
paliperidone,2016,11,2016-11-01,paliperidone-psd-november-2016.pdf
palliative-care-schedule-review,2020,9,2020-09-01,palliative-care-schedule-review-psd-september-2020.pdf
palopegteriparatide,2025,7,2025-07-01,palopegteriparatide-psd-july-2025.pdf
palopegteriparatide,2025,3,2025-03-01,palopegteriparatide-psd-march-2025.pdf
palovarotene,2024,11,2024-11-01,palovarotene-psd-nov-2024.pdf
pancreatic-extract,2020,11,2020-11-01,pancreatic-extract-psd-nov-2020.pdf
paracetamol,2014,11,2014-11-01,paracetamol-psd-11-2014.pdf
paracetamol,2020,7,2020-07-01,paracetamol-psd-july-2020.pdf
paritaprevi-plus-ritonavir-plus-ombitasvir,2016,11,2016-11-01,paritaprevi-plus-ritonavir-plus-ombitasvir-psd-november-2016.pdf
paritaprevir-ritonavir-ombitasvir-dasabuvir,2015,7,2015-07-01,paritaprevir-ritonavir-ombitasvir-dasabuvir-psd-july-2015.pdf
pasireotide,2015,11,2015-11-01,pasireotide-psd-november-2015.pdf
patisiran,2023,7,2023-07-01,patisiran-psd-july-2023-september-2023-december-2023.pdf
pegfilgrastim,2017,7,2017-07-01,pegfilgrastim-psd-july-2017.pdf
pegfilgrastim,2018,7,2018-07-01,pegfilgrastim-psd-july-2018.pdf
pegfilgrastim,2018,3,2018-03-01,pegfilgrastim-psd-march-2018.pdf
pegfilgrastim,2020,3,2020-03-01,pegfilgrastim-psd-march-2020.pdf
pegfilgrastim,2019,11,2019-11-01,pegfilgrastim-psd-november-2019.pdf
pegvaliase,2022,7,2022-07-01,pegvaliase-psd-july-2022.pdf
pegvisomant,2019,3,2019-03-01,pegvisomant-psd-march-2019.pdf
pegvisomant,2016,11,2016-11-01,pegvisomant-psd-november-2016.pdf
perampanel,2014,7,2014-07-01,perampanel-psd-07-2014.pdf
perampanel,2016,7,2016-07-01,perampanel-psd-july-2016.pdf
perampanel,2017,7,2017-07-01,perampanel-psd-july-2017.pdf
perfluorohexyloctane,2018,3,2018-03-01,perfluorohexyloctane-psd-march-2018.pdf
pertussis-vaccine-acellular,2015,7,2015-07-01,pertussis-vaccine-acellular-psd-july-2015.pdf
pku-anamix-junior,2014,11,2014-11-01,pku-anamix-junior-psd-11-2014.pdf
pku-baby,2016,3,2016-03-01,pku-baby-psd-march-2016.pdf
pku-go,2016,3,2016-03-01,pku-go-psd-march-2016.pdf
pku-products,2016,11,2016-11-01,pku-products-psd-november-2016.pdf
plerixafor,2013,11,2013-11-01,plerixafor-psd-11-2013.pdf
plitidepsin,2019,7,2019-07-01,plitidepsin-psd-july-2019.pdf
plitidepsin,2020,3,2020-03-01,plitidepsin-psd-march-2020.pdf
pneumococcal-13-valent,2018,3,2018-03-01,pneumococcal-13-valent-psd-march-2018.pdf
pneumococcal-conjugate-vaccine-13-valent,2015,3,2015-03-01,pneumococcal-conjugate-vaccine-13-valent-psd-march-2015.pdf
pneumococcal-conjugate-vaccine-15-valent-adsorbed,2023,3,2023-03-01,pneumococcal-conjugate-vaccine-15-valent-adsorbed-psd-03-2023.pdf
pneumococcal-conjugate-vaccine,2015,7,2015-07-01,pneumococcal-conjugate-vaccine-psd-july-2015.pdf
pneumococcal-conjugate-vaccine,2025,11,2025-11-01,pneumococcal-conjugate-vaccine-psd-november-2025.pdf
pneumococcal-polysaccharide-conjugate-vaccine-13-valent-adsorbed,2018,11,2018-11-01,pneumococcal-polysaccharide-conjugate-vaccine-13-valent-adsorbed-psd-november-2018.pdf
pneumococcal-vaccine,2016,7,2016-07-01,pneumococcal-vaccine-psd-july-2016.pdf
polyethylene-glycol-400-with-propylene-glycol,2022,7,2022-07-01,polyethylene-glycol-400-with-propylene-glycol-psd-july-2022.pdf
polyethylene-glycol-400-with-propylene-glycol,2021,11,2021-11-01,polyethylene-glycol-400-with-propylene-glycol-psd-nov-2021.pdf
polyethylene-glycol-400-with-propylene-glycol,2025,11,2025-11-01,polyethylene-glycol-400-with-propylene-glycol-psd-november-2025.pdf
posaconazole,2015,3,2015-03-01,posaconazole-psd-march-2015.pdf
pralatrexate,2016,3,2016-03-01,pralatrexate-psd-march-2016.pdf
pralatrexate,2015,11,2015-11-01,pralatrexate-psd-november-2015.pdf
pralatrexate,2017,11,2017-11-01,pralatrexate-psd-november-2017.pdf
prednisolone-acetate-with-phenylephrine,2019,11,2019-11-01,prednisolone-acetate-with-phenylephrine-psd-november-2019.pdf
pregabalin-lyrica-cr,2022,5,2022-05-01,pregabalin-lyrica-cr-psd-may-2022.pdf
pregabalin-lyrica-cr,2021,11,2021-11-01,pregabalin-lyrica-cr-psd-nov-2021.pdf
pregabalin-pregabalin-aft,2022,5,2022-05-01,pregabalin-pregabalin-aft-psd-may-2022.pdf
pregabalin-pregabalin-aft,2021,11,2021-11-01,pregabalin-pregabalin-aft-psd-nov-2021.pdf
primidone,2019,11,2019-11-01,primidone-psd-november-2019.pdf
progesterone-oripro,2020,11,2020-11-01,progesterone-oripro-psd-nov-2020.pdf
progesterone,2014,3,2014-03-01,progesterone-psd-03-2014.pdf
progesterone,2016,7,2016-07-01,progesterone-psd-july-2016.pdf
progesterone,2022,7,2022-07-01,progesterone-psd-july-2022.pdf
progesterone,2024,7,2024-07-01,progesterone-psd-july-2024.pdf
progesterone,2016,3,2016-03-01,progesterone-psd-march-2016.pdf
progesterone,2021,11,2021-11-01,progesterone-psd-nov-2021.pdf
progesterone-utrogestan,2020,11,2020-11-01,progesterone-utrogestan-psd-nov-2020.pdf
propanolol,2015,3,2015-03-01,propanolol-psd-march-2015.pdf
propranolol,2017,7,2017-07-01,propranolol-psd-july-2017.pdf
propranolol,2015,11,2015-11-01,propranolol-psd-november-2015.pdf
propylene-glycol,2024,7,2024-07-01,propylene-glycol-psd-july-2024.pdf
protein-formula,2020,7,2020-07-01,protein-formula-psd-july-2020.pdf
protein-formula,2020,3,2020-03-01,protein-formula-psd-march-2020.pdf
protein-formula,2015,11,2015-11-01,protein-formula-psd-november-2015.pdf
protein-formula-renastep,2019,11,2019-11-01,protein-formula-renastep-psd-november-2019.docx.pdf
protein-hydrolysate-formula-with-medium-chain-triglycerides,2018,3,2018-03-01,protein-hydrolysate-formula-with-medium-chain-triglycerides-psd-march-2018.pdf
quadrivalent-inactivated-influenza-vaccine,2019,3,2019-03-01,quadrivalent-inactivated-influenza-vaccine-psd-march-2019.pdf
quadrivalent-influenza-vaccine,2015,7,2015-07-01,quadrivalent-influenza-vaccine-psd-july-2015.pdf
quadrivalent-influenza-vaccine,2020,7,2020-07-01,quadrivalent-influenza-vaccine-psd-july-2020.pdf
quadrivalent-influenza-vaccine,2018,11,2018-11-01,quadrivalent-influenza-vaccine-psd-november-2018.pdf
quadrivalent-influenza-vaccine,2022,9,2022-09-01,quadrivalent-influenza-vaccine-psd-september-2022.pdf
quetiapine,2013,7,2013-07-01,quetiapine-psd-07-2013.pdf
quetiapine,2018,3,2018-03-01,quetiapine-psd-march-2018.pdf
rabeprazole,2022,3,2022-03-01,rabeprazole-psd-march-2022.pdf
raltegravir,2017,7,2017-07-01,raltegravir-psd-july-2017.pdf
ranolazine,2017,3,2017-03-01,ranolazine-psd-march-2017.pdf
ranolazine,2018,3,2018-03-01,ranolazine-psd-march-2018.pdf
relugolix-with-estradiol-and-with-norethisterone-acetate,2024,3,2024-03-01,relugolix-with-estradiol-and-with-norethisterone-acetate-psd-march-2024-corrigendum.pdf
relugolix-with-estradiol-and-with-norethisterone-acetate,2024,11,2024-11-01,relugolix-with-estradiol-and-with-norethisterone-acetate-psd-nov-2024.pdf
respiratory-syncytial-virus,2024,3,2024-03-01,respiratory-syncytial-virus-psd-march-2024-with-addendum-may-2024.pdf
respiratory-syncytial-virus-vaccine,2025,11,2025-11-01,respiratory-syncytial-virus-vaccine-psd-november-2025.pdf
retifanlimab-(mcc),2025,11,2025-11-01,retifanlimab-(MCC)-psd-november-2025.pdf
retifanlimab-(scac),2025,11,2025-11-01,retifanlimab-(SCAC)-psd-november-2025.pdf
review-of-cost-effectiveness-atopic-dermatitis-drugs,2023,11,2023-11-01,review-of-cost-effectiveness-atopic-dermatitis-drugs-psd-nov-2023.pdf
ribavirin-hepc,2016,7,2016-07-01,ribavirin-hepc-psd-july-2016.pdf
ribavirin,2015,7,2015-07-01,ribavirin-psd-july-2015.pdf
ribavirin,2016,7,2016-07-01,ribavirin-psd-july-2016.pdf
ribavirin,2015,3,2015-03-01,ribavirin-psd-march-2015.pdf
ribavirin,2015,11,2015-11-01,ribavirin-psd-november-2015.pdf
rifampicin,2020,7,2020-07-01,rifampicin-psd-july-2020.pdf
riociguat,2014,3,2014-03-01,riociguat-psd-03-2014.pdf
riociguat,2014,11,2014-11-01,riociguat-psd-11-2014.pdf
riociguat,2015,7,2015-07-01,riociguat-psd-july-2015.pdf
riociguat,2016,3,2016-03-01,riociguat-psd-march-2016.pdf
risedronate,2013,3,2013-03-01,risedronate-psd-03-2013.pdf
risedronic-acid,2022,11,2022-11-01,risedronic-acid-psd-11-2022-03-2023.pdf
risperidone,2019,8,2019-08-01,risperidone-psd-08-2019.pdf
risperidone,2024,3,2024-03-01,risperidone-psd-march-2024.pdf
risperidone,2015,11,2015-11-01,risperidone-psd-november-2015.pdf
romidepsin,2017,12,2017-12-01,romidepsin-psd-12-2017.pdf
romidepsin,2016,11,2016-11-01,romidepsin-psd-november-2016.pdf
rozanolixizumab,2025,3,2025-03-01,rozanolixizumab-psd-march-2025-november-2025.pdf
rsvpref,2024,11,2024-11-01,RSVpreF-psd-november-2024-july-2025.pdf
rsvpref3-arexvy,2024,7,2024-07-01,rsvpref3-arexvy-psd-july-2024.pdf
sacubitril-with-valsartan,2024,11,2024-11-01,sacubitril-with-valsartan-psd-nov-2024.pdf
safinamide,2018,11,2018-11-01,safinamide-psd-november-2018.pdf
salbutamol,2014,11,2014-11-01,salbutamol-psd-11-2014.pdf
salbutamol,2020,3,2020-03-01,salbutamol-psd-march-2020.pdf
salbutamol,2016,11,2016-11-01,salbutamol-psd-november-2016.pdf
salbutamol,2019,11,2019-11-01,salbutamol-psd-november-2019.pdf
saxagliptin-and-metformin,2015,7,2015-07-01,saxagliptin-and-metformin-psd-july-2015.pdf
saxagliptin,2013,3,2013-03-01,saxagliptin-psd-03-2013.pdf
saxagliptin,2013,4,2013-04-01,saxagliptin-psd-04-2013.pdf
saxagliptin,2015,7,2015-07-01,saxagliptin-psd-july-2015.pdf
seladelpar,2025,7,2025-07-01,seladelpar-psd-july-2025-with addendum-december-2025.pdf
selexipag,2020,7,2020-07-01,selexipag-psd-july-2020.pdf
selexipag,2016,3,2016-03-01,selexipag-psd-march-2016.pdf
selexipag,2017,3,2017-03-01,selexipag-psd-march-2017.pdf
selinexor-rr-mm,2022,3,2022-03-01,selinexor-rr-mm-psd-march-2022.pdf
selinexor-rrmm,2021,7,2021-07-01,selinexor-RRMM-psd-july-2021.pdf
selinexor-tcr-pr-mm,2021,7,2021-07-01,selinexor-TCR-PR-MM-psd-july-2021.pdf
selumetinib,2022,11,2022-11-01,selumetinib-psd-11-2022.pdf
selumetinib,2024,3,2024-03-01,selumetinib-psd-march-2024.pdf
sevelamer,2019,3,2019-03-01,sevelamer-psd-march-2019.pdf
sevelamer,2017,11,2017-11-01,sevelamer-psd-november-2017.pdf
siltuximab,2021,7,2021-07-01,siltuximab-psd-july-2021.pdf
siltuximab,2021,11,2021-11-01,siltuximab-psd-nov-2021.pdf
sitagliptin,2015,7,2015-07-01,sitagliptin-psd-july-2015.pdf
sitagliptin,2015,11,2015-11-01,sitagliptin-psd-november-2015.pdf
sitagliptin,2015,7,2015-07-01,sitagliptin-psd2-july-2015.pdf
sodium-phenylbutyrate,2019,7,2019-07-01,sodium-phenylbutyrate-psd-july-2019.pdf
sodium-phenylbutyrate,2018,3,2018-03-01,sodium-phenylbutyrate-psd-march-2018.pdf
sodium-phenylbutyrate,2019,3,2019-03-01,sodium-phenylbutyrate-psd-march-2019.pdf
sodium-phenylbutyrate,2017,11,2017-11-01,sodium-phenylbutyrate-psd-november-2017.pdf
somapacitan,2023,7,2023-07-01,somapacitan-psd-july-2023.pdf
somapacitan,2022,3,2022-03-01,somapacitan-psd-march-2022.pdf
somatropin-adults,2019,8,2019-08-01,somatropin-adults-psd-08-2019.DOCX.pdf
somatropin-saizen,2016,11,2016-11-01,somatropin-saizen-psd-november-2016.pdf
sonidegib,2023,7,2023-07-01,sonidegib-psd-july-2023.pdf
sonidegib,2017,11,2017-11-01,sonidegib-psd-november-2017.pdf
sotatercept,2025,3,2025-03-01,sotatercept-psd-march-2025.pdf
stiripentol,2020,3,2020-03-01,stiripentol-psd-march-2020.pdf
strontium,2015,7,2015-07-01,strontium-psd-july-2015.pdf
strontium,2015,11,2015-11-01,strontium-psd-november-2015.pdf
strontium-ranelate,2014,7,2014-07-01,strontium-ranelate-psd-07-2014.pdf
sucroferric-oxyhydroxide,2014,11,2014-11-01,sucroferric-oxyhydroxide-psd-11-2014.pdf
sucroferric-oxyhydroxide,2015,7,2015-07-01,sucroferric-oxyhydroxide-psd-july-2015.pdf
taliglucerase-alfa,2012,3,2012-03-01,taliglucerase-alfa-psd-03-2012.pdf
taliglucerase-alfa,2014,11,2014-11-01,taliglucerase-alfa-psd-11-2014.pdf
tamoxifen,2016,3,2016-03-01,tamoxifen-psd-march-2016.pdf
tapentadol,2013,11,2013-11-01,tapentadol-psd-11-2013.pdf
td-ftc-prep,2020,9,2020-09-01,TD-FTC-PrEP-psd-september-2020.pdf
tebentafusp,2023,3,2023-03-01,tebentafusp-psd-march-2023-september-2023.pdf
tenofovir-emtricitabine-mylan,2017,7,2017-07-01,tenofovir-emtricitabine-mylan-psd-july-2017.pdf
tenofovir-emtricitabine-prep,2017,12,2017-12-01,tenofovir-emtricitabine-prep-psd-december-2017.pdf
tenofovir-emtricitabine-truvada,2017,7,2017-07-01,tenofovir-emtricitabine-truvada-psd-july-2017.pdf
tenofovir-with-emtricitabine-combination-drugs,2019,3,2019-03-01,tenofovir-with-emtricitabine-combination-drugs-psd-march-2019.pdf
teprotumumab,2025,3,2025-03-01,teprotumumab-psd-march-2025-may-2025.pdf
terbutaline,2019,7,2019-07-01,terbutaline-psd-july-2019.pdf
terbutaline,2020,7,2020-07-01,terbutaline-psd-july-2020.pdf
teriparatide-lupin,2023,11,2023-11-01,teriparatide-lupin-psd-nov-2023.pdf
teriparatide,2025,7,2025-07-01,teriparatide-psd-july-2025.pdf
teriparatide,2021,3,2021-03-01,teriparatide-psd-mar-2021.pdf
teriparatide-terrosa,2023,11,2023-11-01,teriparatide-terrosa-psd-nov-2023.pdf
testosterone-2,2015,3,2015-03-01,testosterone-2-psd-march-2015.pdf
testosterone,2015,7,2015-07-01,testosterone-psd-july-2015.pdf
testosterone,2021,3,2021-03-01,testosterone-psd-mar-2021.pdf
testosterone,2015,3,2015-03-01,testosterone-psd-march-2015.pdf
testosterone,2015,11,2015-11-01,testosterone-psd-november-2015.pdf
testosterone,2018,11,2018-11-01,testosterone-psd-november-2018.pdf
testosterone,2025,11,2025-11-01,testosterone-psd-november-2025.pdf
tetracosactide,2021,3,2021-03-01,tetracosactide-psd-mar-2021.pdf
tetracosactide,2021,5,2021-05-01,tetracosactide-psd-may-2021.pdf
tetracosactrin,2017,11,2017-11-01,tetracosactrin-psd-november-2017.pdf
tezacaftor-and-ivacaftor,2019,11,2019-11-01,tezacaftor-and-ivacaftor-psd-november-2019.pdf
tezacaftor-with-ivacaftor-f508del,2019,3,2019-03-01,tezacaftor-with-ivacaftor-f508del-psd-march-2019.pdf
tezacaftor-with-ivacaftor-rfmutation,2019,3,2019-03-01,tezacaftor-with-ivacaftor-RFmutation-psd-march-2019.pdf
tga-opioid-reforms,2019,12,2019-12-01,tga-opioid-reforms-psd-december-2019.pdf
thiazolidinediones,2014,7,2014-07-01,thiazolidinediones-psd-07-2014.pdf
thyroxine,2016,3,2016-03-01,thyroxine-psd-march-2016.pdf
thyroxine-sodium,2015,11,2015-11-01,thyroxine-sodium-psd-november-2015.pdf
tiotropium-braltus,2019,3,2019-03-01,tiotropium-Braltus-psd-march-2019.pdf
tiotropium-bromide,2015,7,2015-07-01,tiotropium-bromide-psd-july-2015.pdf
tiotropium,2017,7,2017-07-01,tiotropium-psd-july-2017.pdf
tiotropium,2020,7,2020-07-01,tiotropium-psd-july-2020.pdf
tiotropium,2016,3,2016-03-01,tiotropium-psd-march-2016.pdf
tiotropium,2018,3,2018-03-01,tiotropium-psd-march-2018.pdf
tiotropium,2024,3,2024-03-01,tiotropium-psd-march-2024.pdf
tiotropium,2024,11,2024-11-01,tiotropium-psd-nov-2024.pdf
tiotropium,2017,11,2017-11-01,tiotropium-psd-november-2017.pdf
tiotropium,2018,11,2018-11-01,tiotropium-psd-november-2018.pdf
tiotropium-spiriva,2019,3,2019-03-01,tiotropium-Spiriva-psd-march-2019.pdf
tiotropium-with-olodaterol,2015,7,2015-07-01,tiotropium-with-olodaterol-psd-july-2015.pdf
tiotropium-with-olodaterol,2020,7,2020-07-01,tiotropium-with-olodaterol-psd-july-2020.pdf
tiotropium-with-olodaterol,2024,11,2024-11-01,tiotropium-with-olodaterol-psd-nov-2024.pdf
tiotropium-with-olodaterol,2016,11,2016-11-01,tiotropium-with-olodaterol-psd-november-2016.pdf
tislelizumab,2024,11,2024-11-01,tislelizumab-psd-nov-2024.pdf
tixagevimab-and-cilgavimab,2022,9,2022-09-01,tixagevimab-and-cilgavimab-psd-09-2022-12-2022.pdf
tobramycin,2013,3,2013-03-01,tobramycin-psd-03-2013.pdf
tobramycin,2013,11,2013-11-01,tobramycin-psd-11-2013.pdf
tofersen,2025,11,2025-11-01,tofersen-psd-november-2025.pdf
toripalimab,2025,3,2025-03-01,toripalimab-psd-march-2025-with-july-2025.pdf
tramadol-hydrochloride-with-paracetamol,2018,3,2018-03-01,tramadol-hydrochloride-with-paracetamol-psd-march-2018.pdf
trientine-cuprior,2021,11,2021-11-01,trientine-cuprior-psd-nov-2021.pdf
trientine-dihydrochloride,2022,3,2022-03-01,trientine-dihydrochloride-psd-march-2022.pdf
trientine-dihydrochloride,2022,5,2022-05-01,trientine-dihydrochloride-psd-may-2022.pdf
trientine,2023,7,2023-07-01,trientine-psd-july-2023.pdf
trientine-tetrahydrochloride,2022,3,2022-03-01,trientine-tetrahydrochloride-psd-march-2022.pdf
trientine-tetrahydrochloride,2022,5,2022-05-01,trientine-tetrahydrochloride-psd-may-2022.pdf
trientine-waymade,2021,11,2021-11-01,trientine-waymade-psd-november-2021.pdf
trifluridine-and-tipiracil,2019,11,2019-11-01,trifluridine-and-tipiracil-psd-november-2019.pdf
trifluridine-tipiracil,2017,7,2017-07-01,trifluridine-tipiracil-psd-july-2017.pdf
trifluridine-tipiracil,2018,3,2018-03-01,trifluridine-tipiracil-psd-march-2018.pdf
trifluridine-with-tipiracil,2018,7,2018-07-01,trifluridine-with-tipiracil-psd-july-2018.pdf
trifluridine-with-tipiracil,2017,3,2017-03-01,trifluridine-with-tipiracil-psd-march-2017.pdf
trifluridine-with-tipiracil,2016,11,2016-11-01,trifluridine-with-tipiracil-psd-november-2016.pdf
trifluridine-with-tipiracil,2017,11,2017-11-01,trifluridine-with-tipiracil-psd-november-2017.pdf
triglyc-med-chain-peptamen,2016,3,2016-03-01,triglyc-med-chain-peptamen-psd-march-2016.pdf
triglycerides-glucose-polymer,2014,7,2014-07-01,triglycerides-glucose-polymer-psd-07-2014.pdf
triglycerides-long-chain-pro-zero,2018,3,2018-03-01,triglycerides-long-chain-pro-zero-psd-march-2018.pdf
triglycerides-medium-chain-and-long-chain,2020,3,2020-03-01,triglycerides-medium-chain-and-long-chain-psd-march-2020.pdf
triglycerides-medium-chain-formula-monogen,2017,7,2017-07-01,triglycerides-medium-chain-formula-monogen-psd-july-2017.pdf
triglycerides-medium-chain-formula-nutrini,2019,3,2019-03-01,triglycerides-medium-chain-formula-Nutrini-psd-march-2019.pdf
triglycerides-medium-chain-formula-peptamen-junior,2020,3,2020-03-01,triglycerides-medium-chain-formula-peptamen-junior-psd-march-2020.pdf
triglycerides-medium-chain-formula,2015,7,2015-07-01,triglycerides-medium-chain-formula-psd-july-2015.pdf
triglycerides-medium-chain-formula,2020,7,2020-07-01,triglycerides-medium-chain-formula-psd-july-2020.pdf
triglycerides-medium-chain-formula,2015,3,2015-03-01,triglycerides-medium-chain-formula-psd-march-2015.pdf
triglycerides-medium-chain-formula,2020,3,2020-03-01,triglycerides-medium-chain-formula-psd-march-2020.pdf
triglycerides-medium-chain-mct-procal,2018,7,2018-07-01,triglycerides-medium-chain-mct-procal-psd-july-2018.pdf
triglycerides-medium-chain-monogen,2015,11,2015-11-01,triglycerides-medium-chain-monogen-psd-november-2015.pdf
triglycerides-medium-chain-nutrini-peptisorb,2016,11,2016-11-01,triglycerides-medium-chain-nutrini-peptisorb-psd-november-2016.pdf
triglycerides-medium-chain-peptamen,2015,11,2015-11-01,triglycerides-medium-chain-peptamen-psd-november-2015.pdf
triglycerides-peptamen,2014,7,2014-07-01,triglycerides-peptamen-psd-07-2014.pdf
triglycerides-prozero,2024,11,2024-11-01,triglycerides-prozero-psd-nov-2024.pdf
triglycycerides-medium-chain,2022,3,2022-03-01,triglycycerides-medium-chain-psd-march-2022.pdf
triptorelin,2021,7,2021-07-01,triptorelin-psd-july-2021.pdf
triptorelin,2016,3,2016-03-01,triptorelin-psd-march-2016.pdf
trivalent-influenza-vaccine-high-dose,2018,7,2018-07-01,trivalent-influenza-vaccine-high-dose-psd-july-2018.pdf
trivalent-vaccine,2014,7,2014-07-01,trivalent-vaccine-psd-07-2014.pdf
tyr-anamix-junior,2014,11,2014-11-01,tyr-anamix-junior-psd-11-2014.pdf
tyrosine-tyrosine-1000,2019,7,2019-07-01,tyrosine-tyrosine-1000-psd-july-2019.pdf
ulipristal-acetate,2016,7,2016-07-01,ulipristal-acetate-psd-july-2016.pdf
ulipristal,2017,3,2017-03-01,ulipristal-psd-march-2017.pdf
umeclidinium,2014,7,2014-07-01,umeclidinium-psd-07-2014.pdf
umeclidinium-vilanterol,2014,3,2014-03-01,umeclidinium-vilanterol-psd-03-2014.pdf
umeclidinium-vilanterol,2014,7,2014-07-01,umeclidinium-vilanterol-psd-07-2014.pdf
umeclidinium-vilanterol,2014,11,2014-11-01,umeclidinium-vilanterol-psd-11-2014.pdf
ursodeoxycholic-acid,2023,3,2023-03-01,ursodeoxycholic-acid-psd-03-2023.pdf
ursodeoxycholic-acid,2017,3,2017-03-01,ursodeoxycholic-acid-psd-march-2017.pdf
vanzacaftor-tezacaftor-deutivacaftor,2025,7,2025-07-01,vanzacaftor-tezacaftor-deutivacaftor-psd-july-2025-september-2025.pdf
varicella-virus-vaccine,2023,11,2023-11-01,varicella-virus-vaccine-psd-nov-2023.pdf
varicella-zoster-vaccine,2023,3,2023-03-01,varicella-zoster-vaccine-psd-03-2023.pdf
varicella-zoster-virus-recombinant-vaccine,2023,7,2023-07-01,varicella-zoster-virus-recombinant-vaccine-psd-july-2023.pdf
varicella-zoster-virus-recombinant-vaccine,2018,11,2018-11-01,varicella-zoster-virus-recombinant-vaccine-psd-november-2018.pdf
velmanase-alfa,2025,7,2025-07-01,velmanase alfa-psd-july-2025- with-corrigenda-and-addendum-december-2025.pdf
vildagliptin-metformin,2013,7,2013-07-01,vildagliptin-metformin-psd-07-2013.pdf
vildagliptin,2013,7,2013-07-01,vildagliptin-psd-07-2013.pdf
vildagliptin,2016,3,2016-03-01,vildagliptin-psd-march-2016.pdf
vildagliptin,2017,11,2017-11-01,vildagliptin-psd-november-2017.pdf
vitamins-minerals-and-trace-elements-with-carbohydrate,2020,7,2020-07-01,vitamins-minerals-and-trace-elements-with-carbohydrate-psd-july-2020.pdf
vitamins-minerals-fruitivits,2014,7,2014-07-01,vitamins-minerals-fruitivits-psd-07-2014.pdf
vitamins-minerals-trace-elements-formula-phlexy-vits,2017,7,2017-07-01,vitamins-minerals-trace-elements-formula-phlexy-vits-psd-july-2017.pdf
vitamins-minerals-trace-elements-with-carbohydrate-fruitivits,2016,11,2016-11-01,vitamins-minerals-trace-elements-with-carbohydrate-fruitivits-psd-november-2016.pdf
vorasidenib,2025,7,2025-07-01,vorasidenib-psd-july-2025.pdf
voriconazole,2014,3,2014-03-01,voriconazole-psd-03-2014.pdf
vorinostat,2017,3,2017-03-01,vorinostat-psd-march-2017.pdf
vorinostat,2016,11,2016-11-01,vorinostat-psd-november-2016.pdf
vosoritide,2022,7,2022-07-01,vosoritide-psd-07-2022-09-2022-11-2022.pdf
vosoritide,2022,9,2022-09-01,vosoritide-psd-september-2022.pdf
warfarin,2016,11,2016-11-01,warfarin-psd-november-2016.pdf
whey-protein-formula-infatrini-peptisorb,2016,7,2016-07-01,whey-protein-formula-infatrini-peptisorb-psd-july-2016.pdf
whey-protein-formula-supplemented-with-amino-acids-vitamins-and-minerals,2020,7,2020-07-01,whey-protein-formula-supplemented-with-amino-acids-vitamins-and-minerals-psd-july-2020.pdf
zilucoplan,2024,7,2024-07-01,zilucoplan-psd-july-2024.pdf
zilucoplan,2025,3,2025-03-01,zilucoplan-psd-march-2025.pdf
zolbetuximab,2025,3,2025-03-01,zolbetuximab-psd-march-2025-september-2025.pdf
zoledronic-acid,2022,12,2022-12-01,zoledronic-acid-psd-december-2022-july-2023.pdf
zoledronic-acid,2018,7,2018-07-01,zoledronic-acid-psd-july-2018.pdf
zoster-vaccine,2014,11,2014-11-01,zoster-vaccine-psd-11-2014.pdf
zoster-virus-vaccine,2014,3,2014-03-01,zoster-virus-vaccine-psd-03-2014.pdf
